Tittle,URL,Date
What Is Data Scraping And How Can You Use It?,https://targetinternet.com/resources/what-is-data-scraping-and-how-can-you-use-it,13 sept 2017
Scraping Data from a Real Website | Web Scraping in Python,https://www.youtube.com/watch?v=8dTpNajxaH0,11 jul 2023
Web Scraper - The #1 web scraping extension,https://webscraper.io/,10 dic 2016
What is data scraping? - YouTube,https://www.youtube.com/watch?v=COeMzrSYgvw,30 oct 2020
Utilizando Data Scraping para capturar todas las ... - YouTube,https://www.youtube.com/watch?v=M2j402WtIPE,28 abr 2020
Octoparse: Web Scraping Tool & Free Web Crawlers,https://www.octoparse.com/,22 ago 2017
Data scraping B2B. Cómo encontrar esos malditos ... - YouTube,https://www.youtube.com/watch?v=LFiPIYEBtIU,27 sept 2022
¿Qué es Web Scrapping? - YouTube,https://www.youtube.com/watch?v=2Qe8ylAVmTw,10 feb 2023
"Big Data, Web Scraping y Data Mining (Clase 2/2) - YouTube",https://www.youtube.com/watch?v=hSuIvEDHJGI,21 jun 2022
What is Data Scraping? #shorts - YouTube,https://www.youtube.com/watch?v=pazspHyE618,28 oct 2021
Qué es y por qué usar el Web Scraping - OpenWebinars,https://openwebinars.net/blog/que-es-por-que-usar-web-scraping/,17 jun 2019
Web Scraping y extracción de información automatizados,https://www.fortra.com/es/lineas-de-producto/automate/usos/web-scraping-y-extraccion-de-informacion,28 ago 2019
Octoparse: Herramienta de Web Scraping Gratis,https://www.octoparse.es/,24 may 2023
Data Scraping con Python Web data scrapping - YouTube,https://www.youtube.com/watch?v=kX0xeREvaC4,5 feb 2023
Data Scraping using API - YouTube,https://www.youtube.com/watch?v=86zjv3fhVBY,6 sept 2022
Scrape Data from Google Maps (in 2023) - YouTube,https://www.youtube.com/watch?v=7_hbCI3HBBE,7 ene 2023
Web Scraping con UiPath - YouTube,https://www.youtube.com/watch?v=wC2mwAVhNq0,2 ago 2022
How to Scrape Data from Websites into Excel - YouTube,https://www.youtube.com/watch?v=uSxM2MXO0HI,30 may 2022
ParseHub | Free web scraping - The most powerful web scraper,https://www.parsehub.com/,5 dic 2013
How to do WEB DATA SCRAPING on Power Automate Desktop,https://www.youtube.com/watch?v=L-tpN7z4tLs,12 jul 2021
Google Maps Data Scraping using Instant Data Scraper,https://www.youtube.com/watch?v=L7wzhVmRkII,23 ene 2023
Best Tools for Web Scraping: How to Easily ... - YouTube,https://www.youtube.com/watch?v=UdQBHTv5cYQ,14 sept 2020
Extraer datos de sitios web con Google Sheets (web scraping),https://www.youtube.com/watch?v=tB-LyxAhWSo,22 ene 2020
Scrape Data from Google Search - YouTube,https://www.youtube.com/watch?v=_R8pNl41iUg,23 jul 2021
Web scraping services overview - YouTube,https://www.youtube.com/watch?v=Czra6CCcxBw,13 sept 2018
No Cost Data Scraping With GitHub Actions And Neo4j Aura,https://www.youtube.com/watch?v=jAweyWeO2cM,16 jul 2021
"Big Data: What Is Web Scraping, and Why Does It Matter?",https://www.octoparse.com/blog/big-data-what-is-web-scraping-and-why-does-it-matter,24 ene 2021
Data Scraping using API - YouTube,https://www.youtube.com/watch?v=86zjv3fhVBY,6 sept 2022
Introducción al Web Scrapping - YouTube,https://www.youtube.com/watch?v=8BorxvBF8Js,19 oct 2017
Introduction to Bright Data | Scraping Browser - YouTube,https://www.youtube.com/watch?v=kuDuJWvho7Q,14 jun 2023
Data scraping services and its uses - YouTube,https://www.youtube.com/watch?v=8r5_Si7Ots0,11 sept 2018
Start a Business by Scraping Data from the Web - YouTube,https://www.youtube.com/watch?v=_Mm8Vto-xk0,8 sept 2020
Collect Data From Any Social Media Profile - YouTube,https://www.youtube.com/watch?v=d4e4xVr0I5g,27 abr 2021
Best Web Scraping Software | Best Data Entry Tool - YouTube,https://www.youtube.com/watch?v=mWWQCECpImA,28 may 2020
what is web scraping | data scraping tutorial in hindi - YouTube,https://www.youtube.com/watch?v=_sTZr23H9mI,19 may 2021
"Do web scraping, data extraction, and data scraping - Fiverr",https://fr.fiverr.com/scraping_world/do-web-scraping-data-extraction-and-data-scraping?context_referrer=tag_page&source=TagPage&ref_ctx_id=c9d77adf8a5e7e60d1b8cc661ff6238d&pckg_id=1&pos=13&imp_id=7dcfd0be-957a-4564-aa71-6c36c3607e2c,hace 2 semanas
Introduction to Data Scraping || தமிழில் || Tamil - YouTube,https://www.youtube.com/watch?v=iupv17r84b0,22 nov 2020
Is Web Scraping Easy? YES | Octoparse,https://www.octoparse.com/blog/is-web-scraping-easy,11 may 2023
How To Use ChatGPT To Fully Automate Web Scraping,https://www.youtube.com/watch?v=e9oOj5jRHrM,24 ene 2023
Twitter: How does data scraping work? - YouTube,https://www.youtube.com/watch?v=IFnGx9LEA9k,4 jul 2023
UiPath Data Scraping || Web Automation - YouTube,https://www.youtube.com/watch?v=mSXX0D8Ce9o,26 oct 2020
Know the Difference: Web Crawler vs Web Scraper - Oxylabs,https://oxylabs.io/blog/crawling-vs-scraping,4 may 2021
Google Maps Data Scraping by Free Instant Data Scraper ...,https://www.youtube.com/watch?v=iNy4kfyzK-k,26 ago 2021
Data Scraper - Easy Web Scraping - Microsoft Edge Addons,https://microsoftedge.microsoft.com/addons/detail/llokfbfbhdgcigbmplogjkbmanlobofd,hace 3 días
19+ Best Linkedin Scraping Tools For 2023 [Free & Paid],https://evaboot.com/blog/linkedin-scraping-tools,31 jul 2023
How to scrape data from any website! - YouTube,https://www.youtube.com/watch?v=uYkG2jmmLr0,6 feb 2023
Scape Data from Website to Excel using Octoparse Web Scraper,https://www.youtube.com/watch?v=gbuYE7zhPF8,23 may 2022
How to Scrap Data From Google Maps - Data Scraping Tutorial,https://www.youtube.com/watch?v=3o4WGeIOLX8,10 feb 2020
What is web scraping? - YouTube,https://www.youtube.com/watch?v=W6SRyCgrmiw,14 jun 2023
Webinar: Web-scraping for Social Science Research - YouTube,https://www.youtube.com/watch?v=Q-UaAFBtUDw,28 abr 2020
