Tittle,Tittle Url
UiPath Academy Live training - London. Learn RPA. | Facebook,https://www.facebook.com/UiPath/videos/uipath-academy-live-training-london-learn-rpa/591121434645598/
Reskilling with UiPath Academy: Jay Armand Ogayon - YouTube,https://www.youtube.com/watch?v=Wk5-aCLVIoA
UiPath Academy || RPA Developer Foundation - YouTube,https://www.youtube.com/watch?v=UVN_pScqF1c
UiPath Academy Live - mastering the RPA essentials | Facebook,https://www.facebook.com/UiPath/videos/uipath-academy-live-mastering-the-rpa-essentials/252063042180374/
OCR methods || UiPath Academy || RPA Developer Foundation,https://www.youtube.com/watch?v=1IP8dpMuuP0
Nisarg Kadam | Day 1 - YouTube,https://www.youtube.com/watch?v=wS_tBYSYKpQ
UiPath Academy || RPA Developer Foundation - YouTube,https://www.youtube.com/watch?v=UiofV2T4Dto
"Quiz 1: Variables,Data Types and Control Flow || UiPath ...",https://www.youtube.com/watch?v=ztArcqLmevw
UiPath Academy || RPA Developer Foundation - YouTube,https://www.youtube.com/watch?v=JjQMIspg5FU
UiPath Academy - The Story of Work | Facebook - Facebook,https://www.facebook.com/UiPath/videos/uipath-academy-the-story-of-work/422043348734037/?locale=es_ES
UiPath Academy || RPA Developer Foundation - YouTube,https://www.youtube.com/watch?v=x-mlbaBcn8Y
UiPath Academy || RPA Developer Foundation - YouTube,https://www.youtube.com/watch?v=HYKb2AOG3WE
Test Activity and Create Test Bench || UiPath Academy,https://www.youtube.com/watch?v=dkbYI15Yqe8
UiPath Test Suite || TheRPAGuy - YouTube,https://www.youtube.com/watch?v=GKOsykcec10
[Parte2] Assignment 1: Calculate Client Security Hash,https://www.youtube.com/watch?v=fx264neyD7U
UiPath Academy || Building Data Driven Test Cases with ...,https://www.youtube.com/watch?v=lJdWgrC77Dc
Data Scraping || UiPath Academy || RPA Developer Foundation,https://www.youtube.com/watch?v=I_s9jrBWZr8
How to choose UiPath RPA Certification for your ... - YouTube,https://www.youtube.com/watch?v=0G7bKbrrpEQ
UiPath Academy 1st Anniversary | Celebrating one year of ...,https://www.facebook.com/UiPath/videos/uipath-academy-1st-anniversary/1835727486729133/
Video Demo - Screen scraping || UiPath Academy - YouTube,https://www.youtube.com/watch?v=srBM3dGNuV4
UiPath Academy Overview | This year we've embarked into an ...,https://www.facebook.com/UiPath/videos/uipath-academy-overview/2274898056118825/
UiPath Academy || RPA Developer Foundation - Debugging,https://www.youtube.com/watch?v=2OWncRRGYeQ
"Happy birthday, UiPath Academy! It's been 2 incredible years ...",https://www.facebook.com/UiPath/videos/happy-birthday-uipath-academy-its-been-2-incredible-years-full-of-learning-oppor/677816239327958/
Quiz 10: Robotic Enterprise Framework Overview ... - YouTube,https://www.youtube.com/watch?v=rm0x3CA4css
UI Interactions || UiPath Academy || RPA Developer Foundation,https://www.youtube.com/watch?v=EzdHCjTQVt4
Develop the Most in-demand RPA Skills at UiPath Academy,https://www.facebook.com/UiPath/videos/develop-the-most-in-demand-rpa-skills-at-uipath-academy/852934818731882/?locale=ms_MY
RPA Developer Foundation - Quiz 11: PDF Automation,https://www.youtube.com/watch?v=u_O2AT4Bees
The Watch Panel - RPA Developer Foundation - YouTube,https://www.youtube.com/watch?v=_wphrAQrkn8
RPA Video Tutorials | UiPath | Richie Salvador,https://www.uipath.com/learning/video-tutorials/author/richie-salvador
[Parte3] Assignment 1: Calculate Client Security Hash,https://www.youtube.com/watch?v=TlnMXuySL9M
Video Demo - Managing Difficult Situations || UiPath Academy,https://www.youtube.com/watch?v=jt0ytItsMSI
RPA Video Tutorials | UiPath | Madalina Boboc,https://www.uipath.com/learning/video-tutorials/author/madalina-boboc
UiPath Academy | RPA Business Analysis Fundamentals (v2019,https://www.youtube.com/playlist?list=PL1tl4lTBSIxVYqxzO0aUrd4ZjZlKg40tf
Introduction to Selectors || UiPath Academy - Video Demo,https://www.youtube.com/watch?v=IckbAodbV_o
The Anchor Base Activity || UiPath Academy - YouTube,https://www.youtube.com/watch?v=-A9uPRy22xc
"UiPath on X: ""And we're back with another BTS look at ...",https://mobile.twitter.com/UiPath/status/1711831821561090399
"Blow out the candles, UiPath Academy turns 5 today! Here's ...",https://m.facebook.com/UiPath/videos/blow-out-the-candles-uipath-academy-turns-5-today-heres-to-all-the-learning-grow/598210918186522/
Quiz 9: Orchestrator for Developers || UiPath Academy,https://www.youtube.com/watch?v=4NxoIFVhhYo
UiPath Academy || Connecting StudioPro to Test ... - YouTube,https://www.youtube.com/watch?v=vdrnq5_A6hQ
"Quiz 7: Variables,Data Types and Control Flow || UiPath ...",https://www.youtube.com/watch?v=Z_N2P9GYblo
UiPath Academy ビデオチュートリアル - YouTube,https://www.youtube.com/playlist?list=PLQBe36ilIwgio4a2QA237px8ToUmdGj12
UiPath Test Manager in Action - YouTube,https://www.youtube.com/watch?v=tvabMvYPymQ
Video Demo - Retry Scope || UiPath Academy - YouTube,https://www.youtube.com/watch?v=huQx4TlUgUM
Create Variables Tutorial in Studio - UiPath,https://www.uipath.com/learning/video-tutorials/creating-variables-in-studio
Karin Pike - Robotic Process Automation Courses,https://sk.linkedin.com/posts/karinpike_robotic-process-automation-courses-uipath-activity-7023975979681218560-Cu-F
UiPath Academy Hash Assignment - YouTube,https://www.youtube.com/watch?v=JqR926wSwck
Anil Jadhav en LinkedIn: UiPath Academy RPA Citizen ...,https://pr.linkedin.com/posts/anil-jadhav-b47817190_uipath-academy-rpa-citizen-developer-foundation-activity-7048352265853710336-vFYB
Basic UI Automation Tutorial with StudioX - UiPath,https://www.uipath.com/learning/video-tutorials/basic-ui-automation-with-studiox
RPA Video Tutorials | UiPath | Desktop Automation,https://www.uipath.com/learning/video-tutorials/topic/desktop-automation
Create your first workflow in UiPath Studio - YouTube,https://www.youtube.com/watch?v=xDyvR9G0IYI
Video Demo - Working with Excel files 1 || UiPath Academy,https://www.youtube.com/watch?v=EoM0qZlojcM
Extracting Data from PDF || UiPath Academy - YouTube,https://www.youtube.com/watch?v=PucDkxbQU84
Using Index Variables in Selectors || UiPath Academy || RPA ...,https://www.youtube.com/watch?v=hCvx2vwdnGI
Massimiliano Morlacchi - UiPath Academy,https://mt.linkedin.com/posts/massimiliano-morlacchi-25ba211_robotic-process-automation-courses-uipath-activity-7029714935030927363-Mv0u
UiPath Academy free Online Diploma Courses with Certificate,https://www.youtube.com/watch?v=0n7Myuh5kho
State Machine || UiPath Academy || RPA Developer Foundation,https://www.youtube.com/watch?v=-rXkMkZXLR4
UiPath Academy || RPA Developer Foundation - YouTube,https://www.youtube.com/watch?v=N9bGajGpaU8
Using Property Explorer || UiPath Academy - Video Demo,https://www.youtube.com/watch?v=79HX9e-imtA
[Parte4] Assignment 1: Calculate Client Security Hash,https://www.youtube.com/watch?v=lk7cYC8WHSA
UiPath Academy || RPA Developer Foundation - YouTube,https://www.youtube.com/watch?v=-EurQb2Y-V8
The Immediate Panel - RPA Developer Foundationl - YouTube,https://www.youtube.com/watch?v=LJHb0pAMJ4o
UiPath Academy || Software Testing Overview - YouTube,https://www.youtube.com/watch?v=m3GSs13ZpNI
Debugging RPA Workflow Tutorial - UiPath,https://www.uipath.com/learning/video-tutorials/debugging-rpa-workflow
Global Exception Handler || UiPath Academy - Video Demo,https://www.youtube.com/watch?v=_PnUVdGJzNM
Learn RPA Firsthand from the experts at Academy Live!,https://www.youtube.com/watch?v=ZmmUebaXEwI
RPA Video Tutorials | UiPath | Alex Drulea,https://www.uipath.com/learning/video-tutorials/author/alex-drulea
[Parte1] Assignment 1: Calculate Client Security Hash,https://www.youtube.com/watch?v=dVscUkz5AMA
"Aaron Hubbart on LinkedIn: Happy birthday, UiPath Academy ...",https://www.linkedin.com/posts/aaronhubbart_happy-birthday-uipath-academy-its-been-activity-6947173476013133824-rsXs
Video Demo - Fine-tuning Selectors with Variables || UiPath ...,https://www.youtube.com/watch?v=5bYP_I75DG8
RPA Video Tutorials | UiPath | Vlad Ionescu,https://www.uipath.com/learning/video-tutorials/author/vlad-ionescu
RPA Video Tutorials | UiPath | UI Automation,https://www.uipath.com/learning/video-tutorials/topic/ui-automation
Working with UI elements || UiPath Academy - Video Demo,https://www.youtube.com/watch?v=ucFVNHOCzYY
File and Folder Automation Tutorial with StudioX - UiPath,https://www.uipath.com/learning/video-tutorials/file-folder-automation-with-studiox
Deepak-clip-B-v4.0.mp4 | By UiPath - Facebook,https://www.facebook.com/UiPath/videos/deepak-clip-b-v40mp4/525538028663726/
Video Demo - Editing a Selector using UI Explorer ... - YouTube,https://www.youtube.com/watch?v=JbPAd16yr4A
UiPath Academy || RPA Developer Foundation - YouTube,https://www.youtube.com/watch?v=-gMqmCvTXAU
Video Demo - Getting text from a Notepad || UiPath Academy,https://m.youtube.com/watch?v=ASsqql9bBGU&pp=ygUJI25vdGFzcnBh
"Mi Primer Robot UiPath, The RPA Challenge",https://community.uipath.com/events/details/uipath-mexico-city-presents-mi-primer-robot-uipath-the-rpa-challenge/
UiPath Academy Live Kids for Libraries Connected - Vimeo,https://vimeo.com/443017204
[Ejecución]Dispatcher & Performer| Orchestrator App Mobile ...,https://www.youtube.com/watch?v=maQ_K7FcSAg
RPA Video Tutorials | UiPath | Ioana Sabau,https://www.uipath.com/learning/video-tutorials/author/ioana-sabau
Outlook Automation Tutorial with StudioX - UiPath,https://www.uipath.com/learning/video-tutorials/outlook-automation-with-studiox
Selectors Tutorial - How to Identify Elements on Screen - UiPath,https://www.uipath.com/learning/video-tutorials/how-to-identify-elements-on-screen
Quiz 4: Excel and Data Tables || UiPath Academy - YouTube,https://www.youtube.com/watch?v=8XfPvDXZaoc
Cómo crear robots con UiPath - (Curso GRATIS en descripción),https://www.youtube.com/watch?v=JHjpwUe7tVc
UiPath Academy || RPA Developer Foundation - YouTube,https://www.youtube.com/watch?v=oTVDifE5SZo
UiPath DevCon 2019: Academy and Community - YouTube,https://www.youtube.com/watch?v=ccYNle8sk-o
How to Learn UiPath - Online Resources - YouTube,https://m.youtube.com/watch?v=S8ydzPF_zqQ
Word Automation Tutorial with StudioX - UiPath,https://www.uipath.com/learning/video-tutorials/word-automation-tutorial-with-studiox
UiPath Academy Live sessions at HIMSS22 - LinkedIn,https://uk.linkedin.com/posts/uipath_uipath-academy-live-sessions-at-himss22-activity-6909854961329737728-Su1v?trk=public_profile_like_view
Dispatcher & REFramework Performer Demo || UiPath Academy,https://www.youtube.com/watch?v=uSFCQ5usGxo
The Call Stack Panel - RPA Developer Foundation - YouTube,https://www.youtube.com/watch?v=VsW1lVUHDno
Excel Automation Tutorial with StudioX - UiPath,https://www.uipath.com/learning/video-tutorials/excel-automation-with-studiox
Where to Start Learning RPA? - Beginners - @UiPath - YouTube,https://www.youtube.com/watch?v=JIopirJcbsY
RPA Video Tutorials | UiPath | Web Automation,https://www.uipath.com/learning/video-tutorials/topic/web-automation
Excel Automation Tutorial - DataTables Automation - UiPath,https://www.uipath.com/learning/video-tutorials/excel-datatables-automation
Robots and Environments in Orchestrator || UiPath Academy ...,https://www.youtube.com/watch?v=dNpQvPeeXYs
If Statements || UiPath Academy || RPA Developer Foundation,https://m.youtube.com/watch?v=RjGJidK2O-w
RPA ACADEMY,https://rpatechnologies.es/rpa_academy/
Breakpoints || UiPath Academy || RPA Developer Foundation,https://www.youtube.com/watch?v=2NbgyzcMdqU
